<?xml version="1.0" encoding="UTF-8"?>
<manifest>
  <remote fetch="git://github.com/couchbase/" name="couchbase" review="review.couchbase.org"/>
  <remote fetch="git://github.com/couchbaselabs/" name="couchbaselabs" review="review.couchbase.org"/>
  
  <default remote="couchbase" revision="master"/>
  
  <project name="Android-Couchbase" revision="a1b4687585a1b5c6f04b004b8932e487b8751e02"/>
  <project name="Android-Couchbase-SourceBuild" revision="81bfa7f377565fdcfd97dc67c851dea3ca39db89"/>
  <project name="Android-EmptyApp" path="EmptyApp" revision="51f9d1d9bb7b70809b9a1b3d72fa2e7af51e6087"/>
  <project name="couchdb" remote="couchbaselabs" revision="573eba52211efc5b837cb7c20498740ca181cf23"/>
  <project name="geocouch" revision="685db4d1ca21ea3d75519fc260e1d95395219ea8"/>
  <project name="otp" path="erlang" remote="couchbaselabs" revision="efb0342df68cc5e341c3b56fd3f167cbfae192bc"/>
</manifest>
